Workbook

Sheet orders
A1: Order ID | B1: Order Date | C1: Customer ID | D1: Product ID | E1: Quantity | F1: Customer name | G1: Email | H1: Country | I1: Coffee Type | J1: Roast Type | K1: Size | L1: Unit Price | M1: Sales | N1: Month | O1: Year | P1: Day | Q1: City
A2: QEV-37451-860 | B2: 43713 | C2: 17670-51384-MA | D2: R-M-1 | E2: 2 | F2: =VLOOKUP(C2,[1]customers!$A$1:$I$1001, 2, FALSE) -> Aloisia Allner | G2: =VLOOKUP(orders!C2,[1]customers!$A$1:$I$1001, 3, FALSE) -> aallner0@lulu.com | H2: =VLOOKUP(C2, [1]customers!$A$1:$I$1001, 7, FALSE) -> United States | I2: =VLOOKUP(orders!D2,[1]products!$A$1:$G$49, 2,FALSE) -> Rob | J2: =VLOOKUP(orders!D2,[1]products!$A$1:$G$49, 3,FALSE) -> M | K2: =VLOOKUP(orders!D2,[1]products!$A$1:$G$49, 4,FALSE) -> 1 | L2: =VLOOKUP(orders!D2,[1]products!$A$1:$G$49, 5,FALSE) * K2 -> 9.95 | M2: =PRODUCT(orders!$E2,orders!$L2) -> 19.9 | N2: =TEXT(B2, "mmmm") -> September | O2: =YEAR(B2) -> 2019 | P2: =TEXT(orders!$B2, "DDD") -> Thu | Q2: =VLOOKUP(orders!C2,[1]customers!$A$1:$I$1001, 6,FALSE) -> Paterson
A3: QEV-37451-860 | B3: 43713 | C3: 17670-51384-MA | D3: E-M-0.5 | E3: 5 | F3: =VLOOKUP(C3,[1]customers!$A$1:$I$1001, 2, FALSE) -> Aloisia Allner | G3: =VLOOKUP(orders!C3,[1]customers!$A$1:$I$1001, 3, FALSE) -> aallner0@lulu.com | H3: =VLOOKUP(C3, [1]customers!$A$1:$I$1001, 7, FALSE) -> United States | I3: =VLOOKUP(orders!D3,[1]products!$A$1:$G$49, 2,FALSE) -> Exc | J3: =VLOOKUP(orders!D3,[1]products!$A$1:$G$49, 3,FALSE) -> M | K3: =VLOOKUP(orders!D3,[1]products!$A$1:$G$49, 4,FALSE) -> 0.5 | L3: =VLOOKUP(orders!D3,[1]products!$A$1:$G$49, 5,FALSE) -> 8.25 | M3: =PRODUCT(orders!$E3,orders!$L3) -> 41.25 | N3: =TEXT(B3, "mmmm") -> September | O3: =YEAR(B3) -> 2019 | P3: =TEXT(orders!$B3, "DDD") -> Thu | Q3: =VLOOKUP(orders!C3,[1]customers!$A$1:$I$1001, 6,FALSE) -> Paterson
A4: FAA-43335-268 | B4: 44364 | C4: 21125-22134-PX | D4: A-L-1 | E4: 1 | F4: =VLOOKUP(C4,[1]customers!$A$1:$I$1001, 2, FALSE) -> Jami Redholes | G4: =VLOOKUP(orders!C4,[1]customers!$A$1:$I$1001, 3, FALSE) -> jredholes2@tmall.com | H4: =VLOOKUP(C4, [1]customers!$A$1:$I$1001, 7, FALSE) -> United States | I4: =VLOOKUP(orders!D4,[1]products!$A$1:$G$49, 2,FALSE) -> Ara | J4: =VLOOKUP(orders!D4,[1]products!$A$1:$G$49, 3,FALSE) -> L | K4: =VLOOKUP(orders!D4,[1]products!$A$1:$G$49, 4,FALSE) -> 1 | L4: =VLOOKUP(orders!D4,[1]products!$A$1:$G$49, 5,FALSE) -> 12.95 | M4: =PRODUCT(orders!$E4,orders!$L4) -> 12.95 | N4: =TEXT(B4, "mmmm") -> June | O4: =YEAR(B4) -> 2021 | P4: =TEXT(orders!$B4, "DDD") -> Thu | Q4: =VLOOKUP(orders!C4,[1]customers!$A$1:$I$1001, 6,FALSE) -> San Antonio
A5: KAC-83089-793 | B5: 44392 | C5: 23806-46781-OU | D5: E-M-1 | E5: 2 | F5: =VLOOKUP(C5,[1]customers!$A$1:$I$1001, 2, FALSE) -> Christoffer O' Shea | G5: =VLOOKUP(orders!C5,[1]customers!$A$1:$I$1001, 3, FALSE) -> 0 | H5: =VLOOKUP(C5, [1]customers!$A$1:$I$1001, 7, FALSE) -> Ireland | I5: =VLOOKUP(orders!D5,[1]products!$A$1:$G$49, 2,FALSE) -> Exc | J5: =VLOOKUP(orders!D5,[1]products!$A$1:$G$49, 3,FALSE) -> M | K5: =VLOOKUP(orders!D5,[1]products!$A$1:$G$49, 4,FALSE) -> 1 | L5: =VLOOKUP(orders!D5,[1]products!$A$1:$G$49, 5,FALSE) -> 13.75 | M5: =PRODUCT(orders!$E5,orders!$L5) -> 27.5 | N5: =TEXT(B5, "mmmm") -> July | O5: =YEAR(B5) -> 2021 | P5: =TEXT(orders!$B5, "DDD") -> Thu | Q5: =VLOOKUP(orders!C5,[1]customers!$A$1:$I$1001, 6,FALSE) -> Cill Airne
A6: KAC-83089-793 | B6: 44392 | C6: 23806-46781-OU | D6: R-L-2.5 | E6: 2 | F6: =VLOOKUP(C6,[1]customers!$A$1:$I$1001, 2, FALSE) -> Christoffer O' Shea | G6: =VLOOKUP(orders!C6,[1]customers!$A$1:$I$1001, 3, FALSE) -> 0 | H6: =VLOOKUP(C6, [1]customers!$A$1:$I$1001, 7, FALSE) -> Ireland | I6: =VLOOKUP(orders!D6,[1]products!$A$1:$G$49, 2,FALSE) -> Rob | J6: =VLOOKUP(orders!D6,[1]products!$A$1:$G$49, 3,FALSE) -> L | K6: =VLOOKUP(orders!D6,[1]products!$A$1:$G$49, 4,FALSE) -> 2.5 | L6: =VLOOKUP(orders!D6,[1]products!$A$1:$G$49, 5,FALSE) -> 27.485 | M6: =PRODUCT(orders!$E6,orders!$L6) -> 54.97 | N6: =TEXT(B6, "mmmm") -> July | O6: =YEAR(B6) -> 2021 | P6: =TEXT(orders!$B6, "DDD") -> Thu | Q6: =VLOOKUP(orders!C6,[1]customers!$A$1:$I$1001, 6,FALSE) -> Cill Airne
A7: CVP-18956-553 | B7: 44412 | C7: 86561-91660-RB | D7: L-D-1 | E7: 3 | F7: =VLOOKUP(C7,[1]customers!$A$1:$I$1001, 2, FALSE) -> Beryle Cottier | G7: =VLOOKUP(orders!C7,[1]customers!$A$1:$I$1001, 3, FALSE) -> 0 | H7: =VLOOKUP(C7, [1]customers!$A$1:$I$1001, 7, FALSE) -> United States | I7: =VLOOKUP(orders!D7,[1]products!$A$1:$G$49, 2,FALSE) -> Lib | J7: =VLOOKUP(orders!D7,[1]products!$A$1:$G$49, 3,FALSE) -> D | K7: =VLOOKUP(orders!D7,[1]products!$A$1:$G$49, 4,FALSE) -> 1 | L7: =VLOOKUP(orders!D7,[1]products!$A$1:$G$49, 5,FALSE) -> 12.95 | M7: =PRODUCT(orders!$E7,orders!$L7) -> 38.85 | N7: =TEXT(B7, "mmmm") -> August | O7: =YEAR(B7) -> 2021 | P7: =TEXT(orders!$B7, "DDD") -> Wed | Q7: =VLOOKUP(orders!C7,[1]customers!$A$1:$I$1001, 6,FALSE) -> Scranton
A8: IPP-31994-879 | B8: 44582 | C8: 65223-29612-CB | D8: E-D-0.5 | E8: 3 | F8: =VLOOKUP(C8,[1]customers!$A$1:$I$1001, 2, FALSE) -> Shaylynn Lobe | G8: =VLOOKUP(orders!C8,[1]customers!$A$1:$I$1001, 3, FALSE) -> slobe6@nifty.com | H8: =VLOOKUP(C8, [1]customers!$A$1:$I$1001, 7, FALSE) -> United States | I8: =VLOOKUP(orders!D8,[1]products!$A$1:$G$49, 2,FALSE) -> Exc | J8: =VLOOKUP(orders!D8,[1]products!$A$1:$G$49, 3,FALSE) -> D | K8: =VLOOKUP(orders!D8,[1]products!$A$1:$G$49, 4,FALSE) -> 0.5 | L8: =VLOOKUP(orders!D8,[1]products!$A$1:$G$49, 5,FALSE) -> 7.29 | M8: =PRODUCT(orders!$E8,orders!$L8) -> 21.87 | N8: =TEXT(B8, "mmmm") -> January | O8: =YEAR(B8) -> 2022 | P8: =TEXT(orders!$B8, "DDD") -> Fri | Q8: =VLOOKUP(orders!C8,[1]customers!$A$1:$I$1001, 6,FALSE) -> Dayton
A9: SNZ-65340-705 | B9: 44701 | C9: 21134-81676-FR | D9: L-L-0.2 | E9: 1 | F9: =VLOOKUP(C9,[1]customers!$A$1:$I$1001, 2, FALSE) -> Melvin Wharfe | G9: =VLOOKUP(orders!C9,[1]customers!$A$1:$I$1001, 3, FALSE) -> 0 | H9: =VLOOKUP(C9, [1]customers!$A$1:$I$1001, 7, FALSE) -> Ireland | I9: =VLOOKUP(orders!D9,[1]products!$A$1:$G$49, 2,FALSE) -> Lib | J9: =VLOOKUP(orders!D9,[1]products!$A$1:$G$49, 3,FALSE) -> L | K9: =VLOOKUP(orders!D9,[1]products!$A$1:$G$49, 4,FALSE) -> 0.2 | L9: =VLOOKUP(orders!D9,[1]products!$A$1:$G$49, 5,FALSE) -> 4.755 | M9: =PRODUCT(orders!$E9,orders!$L9) -> 4.755 | N9: =TEXT(B9, "mmmm") -> May | O9: =YEAR(B9) -> 2022 | P9: =TEXT(orders!$B9, "DDD") -> Fri | Q9: =VLOOKUP(orders!C9,[1]customers!$A$1:$I$1001, 6,FALSE) -> Kill
A10: EZT-46571-659 | B10: 43467 | C10: 03396-68805-ZC | D10: R-M-0.5 | E10: 3 | F10: =VLOOKUP(C10,[1]customers!$A$1:$I$1001, 2, FALSE) -> Guthrey Petracci | G10: =VLOOKUP(orders!C10,[1]customers!$A$1:$I$1001, 3, FALSE) -> gpetracci8@livejournal.com | H10: =VLOOKUP(C10, [1]customers!$A$1:$I$1001, 7, FALSE) -> United States | I10: =VLOOKUP(orders!D10,[1]products!$A$1:$G$49, 2,FALSE) -> Rob | J10: =VLOOKUP(orders!D10,[1]products!$A$1:$G$49, 3,FALSE) -> M | K10: =VLOOKUP(orders!D10,[1]products!$A$1:$G$49, 4,FALSE) -> 0.5 | L10: =VLOOKUP(orders!D10,[1]products!$A$1:$G$49, 5,FALSE) -> 5.97 | M10: =PRODUCT(orders!$E10,orders!$L10) -> 17.91 | N10: =TEXT(B10, "mmmm") -> January | O10: =YEAR(B10) -> 2019 | P10: =TEXT(orders!$B10, "DDD") -> Wed | Q10: =VLOOKUP(orders!C10,[1]customers!$A$1:$I$1001, 6,FALSE) -> Los Angeles
A11: NWQ-70061-912 | B11: 43713 | C11: 61021-27840-ZN | D11: R-M-0.5 | E11: 1 | F11: =VLOOKUP(C11,[1]customers!$A$1:$I$1001, 2, FALSE) -> Rodger Raven | G11: =VLOOKUP(orders!C11,[1]customers!$A$1:$I$1001, 3, FALSE) -> rraven9@ed.gov | H11: =VLOOKUP(C11, [1]customers!$A$1:$I$1001, 7, FALSE) -> United States | I11: =VLOOKUP(orders!D11,[1]products!$A$1:$G$49, 2,FALSE) -> Rob | J11: =VLOOKUP(orders!D11,[1]products!$A$1:$G$49, 3,FALSE) -> M | K11: =VLOOKUP(orders!D11,[1]products!$A$1:$G$49, 4,FALSE) -> 0.5 | L11: =VLOOKUP(orders!D11,[1]products!$A$1:$G$49, 5,FALSE) -> 5.97 | M11: =PRODUCT(orders!$E11,orders!$L11) -> 5.97 | N11: =TEXT(B11, "mmmm") -> September | O11: =YEAR(B11) -> 2019 | P11: =TEXT(orders!$B11, "DDD") -> Thu | Q11: =VLOOKUP(orders!C11,[1]customers!$A$1:$I$1001, 6,FALSE) -> Los Angeles
A12: BKK-47233-845 | B12: 44263 | C12: 76239-90137-UQ | D12: A-D-1 | E12: 4 | F12: =VLOOKUP(C12,[1]customers!$A$1:$I$1001, 2, FALSE) -> Ferrell Ferber | G12: =VLOOKUP(orders!C12,[1]customers!$A$1:$I$1001, 3, FALSE) -> fferbera@businesswire.com | H12: =VLOOKUP(C12, [1]customers!$A$1:$I$1001, 7, FALSE) -> United States | I12: =VLOOKUP(orders!D12,[1]products!$A$1:$G$49, 2,FALSE) -> Ara | J12: =VLOOKUP(orders!D12,[1]products!$A$1:$G$49, 3,FALSE) -> D | K12: =VLOOKUP(orders!D12,[1]products!$A$1:$G$49, 4,FALSE) -> 1 | L12: =VLOOKUP(orders!D12,[1]products!$A$1:$G$49, 5,FALSE) -> 9.95 | M12: =PRODUCT(orders!$E12,orders!$L12) -> 39.8 | N12: =TEXT(B12, "mmmm") -> March | O12: =YEAR(B12) -> 2021 | P12: =TEXT(orders!$B12, "DDD") -> Mon | Q12: =VLOOKUP(orders!C12,[1]customers!$A$1:$I$1001, 6,FALSE) -> San Jose
A13: VQR-01002-970 | B13: 44132 | C13: 49315-21985-BB | D13: E-L-2.5 | E13: 5 | F13: =VLOOKUP(C13,[1]customers!$A$1:$I$1001, 2, FALSE) -> Duky Phizackerly | G13: =VLOOKUP(orders!C13,[1]customers!$A$1:$I$1001, 3, FALSE) -> dphizackerlyb@utexas.edu | H13: =VLOOKUP(C13, [1]customers!$A$1:$I$1001, 7, FALSE) -> United States | I13: =VLOOKUP(orders!D13,[1]products!$A$1:$G$49, 2,FALSE) -> Exc | J13: =VLOOKUP(orders!D13,[1]products!$A$1:$G$49, 3,FALSE) -> L | K13: =VLOOKUP(orders!D13,[1]products!$A$1:$G$49, 4,FALSE) -> 2.5 | L13: =VLOOKUP(orders!D13,[1]products!$A$1:$G$49, 5,FALSE) -> 34.155 | M13: =PRODUCT(orders!$E13,orders!$L13) -> 170.775 | N13: =TEXT(B13, "mmmm") -> October | O13: =YEAR(B13) -> 2020 | P13: =TEXT(orders!$B13, "DDD") -> Wed | Q13: =VLOOKUP(orders!C13,[1]customers!$A$1:$I$1001, 6,FALSE) -> San Jose
A14: SZW-48378-399 | B14: 44744 | C14: 34136-36674-OM | D14: R-M-1 | E14: 5 | F14: =VLOOKUP(C14,[1]customers!$A$1:$I$1001, 2, FALSE) -> Rosaleen Scholar | G14: =VLOOKUP(orders!C14,[1]customers!$A$1:$I$1001, 3, FALSE) -> rscholarc@nyu.edu | H14: =VLOOKUP(C14, [1]customers!$A$1:$I$1001, 7, FALSE) -> United States | I14: =VLOOKUP(orders!D14,[1]products!$A$1:$G$49, 2,FALSE) -> Rob | J14: =VLOOKUP(orders!D14,[1]products!$A$1:$G$49, 3,FALSE) -> M | K14: =VLOOKUP(orders!D14,[1]products!$A$1:$G$49, 4,FALSE) -> 1 | L14: =VLOOKUP(orders!D14,[1]products!$A$1:$G$49, 5,FALSE) -> 9.95 | M14: =PRODUCT(orders!$E14,orders!$L14) -> 49.75 | N14: =TEXT(B14, "mmmm") -> July | O14: =YEAR(B14) -> 2022 | P14: =TEXT(orders!$B14, "DDD") -> Sat | Q14: =VLOOKUP(orders!C14,[1]customers!$A$1:$I$1001, 6,FALSE) -> Richmond
... A1001: IRV-20769-219 | B1001: 44119 | C1001: 77131-58092-GE | D1001: E-M-0.2 | E1001: 3 | F1001: =VLOOKUP(C1001,[1]customers!$A$1:$I$1001, 2, FALSE) -> Vidovic Antonelli | G1001: =VLOOKUP(orders!C1001,[1]customers!$A$1:$I$1001, 3, FALSE) -> 0 | H1001: =VLOOKUP(C1001, [1]customers!$A$1:$I$1001, 7, FALSE) -> United Kingdom | I1001: =VLOOKUP(orders!D1001,[1]products!$A$1:$G$49, 2,FALSE) -> Exc | J1001: =VLOOKUP(orders!D1001,[1]products!$A$1:$G$49, 3,FALSE) -> M | K1001: =VLOOKUP(orders!D1001,[1]products!$A$1:$G$49, 4,FALSE) -> 0.2 | L1001: =VLOOKUP(orders!D1001,[1]products!$A$1:$G$49, 5,FALSE) -> 4.125 | M1001: =PRODUCT(orders!$E1001,orders!$L1001) -> 12.375 | N1001: =TEXT(B1001, "mmmm") -> October | O1001: =YEAR(B1001) -> 2020 | P1001: =TEXT(orders!$B1001, "DDD") -> Thu | Q1001: =VLOOKUP(orders!C1001,[1]customers!$A$1:$I$1001, 6,FALSE) -> London
